<?xml version="1.0" encoding="UTF-8"?>
<project-private xmlns="http://www.netbeans.org/ns/project-private/1">
    <editor-bookmarks xmlns="http://www.netbeans.org/ns/editor-bookmarks/2" lastBookmarkId="0"/>
    <open-files xmlns="http://www.netbeans.org/ns/projectui-open-files/2">
        <group>
            <file>file:/C:/Code/Java/lab02/src/lab02/Book2.java</file>
            <file>file:/C:/Code/Java/lab02/src/lab02/Book1.java</file>
            <file>file:/C:/Code/Java/lab02/src/lab02/check_lab02.java</file>
            <file>file:/C:/Code/Java/lab02/src/lab02/Author.java</file>
        </group>
    </open-files>
</project-private>
