<?xml version="1.0" encoding="UTF-8"?>
<project-private xmlns="http://www.netbeans.org/ns/project-private/1">
    <editor-bookmarks xmlns="http://www.netbeans.org/ns/editor-bookmarks/2" lastBookmarkId="0"/>
    <open-files xmlns="http://www.netbeans.org/ns/projectui-open-files/2">
        <group>
            <file>file:/C:/Code/Java/lab06/src/lab06/Addition.java</file>
            <file>file:/C:/Code/Java/lab06/src/lab06/Test.java</file>
            <file>file:/C:/Code/Java/lab06/src/lab06/MathExpression.java</file>
            <file>file:/C:/Code/Java/lab06/src/lab06/Multiplication.java</file>
            <file>file:/C:/Code/Java/lab06/src/lab06/Lab01.java</file>
            <file>file:/C:/Code/Java/lab06/src/lab06/Modular.java</file>
            <file>file:/C:/Code/Java/lab06/src/lab06/Subtraction.java</file>
            <file>file:/C:/Code/Java/lab06/src/lab06/Division.java</file>
        </group>
    </open-files>
</project-private>
